41,Transportadora para perros,AmazonBasics,$43.96,Aprobada por aerolíneas~Puerta con cierre seguro~Ventilación adecuada
4,Arenero para gatos,Arm & Hammer,$35.15,Control de olores~Fácil de limpiar
6,Cama para perros,Aspen Pet,$52.75,Material suave~Lavable a máquina~Cómoda y acogedora
28,Comedero para mascotas,Bergan,$14.07,Antideslizante~Fácil de limpiar~Duradero
42,Juguete para gatos,Bergan Turbo Scratcher,$26.35,Incluye bola y rascador~Estimula el juego y el rascado
15,Alimento para perros,Blue Buffalo,$38.67,Ingredientes naturales~Sin granos~Para razas pequeñas
17,Juguete para gatos,Cat Dancer,$10.53,Juguete interactivo~Atrae la atención de los gatos~Horas de diversión
23,Juguete para perros,Chuckit!,$15.82,Resistente~Ideal para juegos de lanzamiento
30,Collar para perros,Coastal,$17.58,Ajustable~Cierre de seguridad~Diseño atractivo
5,Correa para perros,Flexi,$43.96,Extensible~Mango ergonómico~Cinta reflectante
47,Cama para gatos,Frisco,$40.43,Material suave y cálido~Diseño compacto~Ideal para espacios pequeños
7,Juguete para gatos,Frolicat,$35.15,Juguete interactivo~Movimientos impredecibles~Mantiene a los gatos activos
26,Rascador para gatos,GoPetClub,$87.91,Área de juego y descanso~Poste para rascar~Incluye juguetes colgantes
34,Bebedero para mascotas,Gravity Waterer,$22.84,Capacidad de 1 galón~Mantiene el agua fresca
10,Correa para perros,Halti,$26.35,Control de tirones~Ajustable~Cómoda para el perro y el dueño
37,Cepillo para gatos,Hertzko,$14.07,Suave y seguro~Elimina el pelo muerto~Promueve un pelaje saludable
18,Alimento para perros,Iams,$25.5,Control de peso~Proteínas de calidad~Sabor delicioso
3,Juguete para perros,Kong,$27.26,Duradero~Ideal para masticadores agresivos
27,Juguete interactivo para perros,Kong Wobbler,$26.35,Dispensador de alimentos~Mantiene a los perros entretenidos
21,Cama para perros,Kuranda,$123.1,Elevada~Duradera~Fácil de limpiar
19,Arenero para gatos,Litter Genie,$35.15,Fácil eliminación de desechos~Control de olores~Práctico y conveniente
46,Correa para perros,Max and Neo,$29.9,Reflectante~Mango acolchado~Resistente y duradera
45,Alimento para perros,Merrick,$42.2,Ingredientes de calidad~Sin granos~Promueve una digestión saludable
24,Corral para mascotas,MidWest Homes for Pets,$70.34,Plegable~Fácil de transportar~Espacioso
25,Alimento para perros,Nutro,$31.65,Ingredientes de calidad~Sin conservantes artificiales~Salud digestiva
13,Juguete para perros,Nylabone,$17.58,Resistente a la masticación~Ayuda a la higiene dental
44,Juguete para perros,Nylabone Dura,$17.58,Resistente a la masticación~Promueve la salud dental~Diversión duradera
36,Juguete para perros,Outward Hound,$21.08,Texturas variadas~Estimula el juego activo
1,Alimento para perro,Pedigree,$22.84,Sabor delicioso~Nutrición equilibrada~Contiene vitaminas y minerales
43,Cepillo para perros,Pedigree,$31.65,Remueve el pelo suelto~Fácil de limpiar~Para pelo corto o largo
32,Alimento para perros,Pedigree,$34.31,Ingredientes naturales~Sin granos~Salud óptima
39,Ropa para perros,Pet Life,$35.15,Diseño moderno~Cómoda y ajustable~Ideal para climas fríos
12,Cama para gatos,PetFusion,$61.54,Diseño elegante~Material duradero~Fácil de limpiar
49,Arenero para gatos,Petmate,$29.9,Fácil acceso~Borde alto~Fácil de limpiar
9,Alimento para perros,Pro Plan,$32.54,Ingredientes naturales~Alta digestibilidad~Para todas las etapas de vida
2,Alimento para gatos,Purina ONE,$17.58,Alta calidad~Proteínas de primera~Promueve un pelaje saludable
14,Arenero para gatos,Purina Tidy Cats,$22.84,Sistema todo en uno~Bandeja removible~Fácil de mantener
31,Arnés para perros,Rabbitgoo,$35.15,Ajustable~Cómodo~Control de tirones
29,Alimento para gatos,Royal Canin,$43.96,Fórmula específica para razas~Salud digestiva~Pelo brillante
20,Correa para perros,Ruffwear,$49.22,Resistente al agua~Ideal para actividades al aire libre~Cómoda para el perro y el dueño
35,Peine para perros,Safari,$17.58,Elimina nudos y pelo suelto~Ideal para perros de pelo largo
11,Alimento para gatos,Science Diet,$29.9,Fórmula equilibrada~Control de peso~Promueve la salud urinaria
16,Transportadora para gatos,Sherpa,$58.03,Aprobada por aerolíneas~Cómoda y segura~Ventilación adecuada
33,Juguete para gatos,Temperament Pet,$12.3,Rellenable con catnip~Estimula el instinto de caza
8,Acuario,Tetra,$70.34,10 galones~Filtro incorporado~Ideal para peces tropicales
40,Alimento para peces,Tetra,$10.53,Variedad de sabores~Alta calidad nutricional~Para peces tropicales
22,Alimento para gatos,Wellness,$39.58,Ingredientes naturales~Alta calidad~Promueve la salud digestiva~Sin granos
38,Arena para gatos,Wellness,$26.35,Ecológica~Sin polvo~Control de olores eficiente
50,Alimento para perros,Wellness CORE,$52.75,Alta proteína~Ingredientes naturales~Sin granos~Salud digestiva
48,Juguete para perros,West Paw Design,$24.61,Resistente~Libre de BPA~Ideal para juegos de buscar
